snapshot,line_index,source_sheet,source_row,portfolio,product_id,product_type,underlying,pricing_status_hint,product_class,model_name,status,price,delta,gamma,vega,theta,rho,dv01,standard_error,ci_low,ci_high,maturity_years,strike,maturity_bucket,strike_bucket,spot_used,rate_used,volatility_used,position_sign,numerical_greeks_used,numerical_greeks_error,error_message
notebook_application_demo_v3,9,options,6,default,PUT-BARRIER-6,Put,AAPL,nan,BarrierOption,BarrierModel,priced,1096892.0122759407,-48829.38820811946,1514.08258036814,6673980.685363793,-1518320.3811235551,0.0,0.0,,,,0.33675564681724846,260.0,0-6M,atm,257.46,0.03,0.391844626771674,1.0,1.0,,
notebook_application_demo_v3,6,options,4,default,BF-4,Butterfly,AAPL,nan,Butterfly,StaticReplicationModel,priced,219815.11609876435,12900.281873348053,274.42082009975,-3067793.625325488,5399531.919915864,1044444.7610312104,0.0,,,,0.33675564681724846,226.66666666666666,0-6M,low,257.46,0.03,0.391844626771674,1.0,0.0,,
notebook_application_demo_v3,7,options,5,default,CALL-BARRIER-5,Call,AAPL,nan,BarrierOption,BarrierModel,priced,194275.77901827986,-529.0026932597227,-403.52120250346866,-1927572.3843847604,550917.5923984324,0.0,0.0,,,,0.33675564681724846,260.0,0-6M,atm,257.46,0.03,0.391844626771674,1.0,1.0,,
notebook_application_demo_v3,10,options,3,default,PS-3,Put Spread,AAPL,nan,PutSpread,StaticReplicationModel,priced,-1236198.325434424,12324.07983666247,-75.34228357763851,-1799782.2709634341,729109.1694719926,2595396.3664312987,-0.0,,,,0.5886379192334018,215.0,6M-1Y,low,257.46,0.03,0.391844626771674,-1.0,0.0,,
notebook_application_demo_v3,5,options,2,default,CS-2,Call Spread,AAPL,nan,CallSpread,StaticReplicationModel,priced,2078346.7353131445,57884.587706755345,-153.10525739096784,404243.25187663734,-2675194.159944177,1088468.7082428767,0.0,,,,0.08487337440109514,260.0,0-6M,atm,257.46,0.03,0.391844626771674,1.0,0.0,,
notebook_application_demo_v3,8,options,1,default,CS-1,Call Spread,AAPL,nan,CallSpread,StaticReplicationModel,priced,989821.5208816964,17873.591799719456,-60.689072253768245,313186.8069205135,-605004.6916966364,1216332.241304616,0.0,,,,0.33675564681724846,270.0,0-6M,atm,257.46,0.03,0.391844626771674,1.0,0.0,,
notebook_application_demo_v3,15,structured_notes,1,default,SN-1,Capital Protected Note,AAPL,nan,CapitalProtectedNote,StaticReplicationModel,priced,109.2429218367219,0.26233615875240335,0.0015291377718637956,60.64259619523588,-3.941228922021351,396.5291619004381,0.0,,,,2.841889117043121,257.46,2Y-5Y,atm,257.46,0.03,0.391844626771674,1.0,0.0,,
notebook_application_demo_v3,14,structured_notes,2,default,SN-2,Reverse Convertible,AAPL,nan,ReverseConvertible,StaticReplicationModel,priced,99.44092379180987,0.13867612630980314,-0.0019708141292406863,-50.59979488680583,1.3718601725473858,278.73020994666695,0.0,,,,1.839835728952772,257.46,1Y-2Y,atm,257.46,0.03,0.391844626771674,1.0,0.0,,
notebook_application_demo_v3,13,structured_notes,4,default,SN-4,Reverse Convertible,AAPL,nan,ReverseConvertible,StaticReplicationModel,priced,97.38129738858255,0.15556233337198241,-0.003020782596450286,-35.431673242916354,2.786025421124196,125.91151682063867,0.0,,,,0.840520191649555,257.46,6M-1Y,atm,257.46,0.03,0.391844626771674,1.0,0.0,,
notebook_application_demo_v3,12,structured_notes,3,default,SN-3,Capped Capital Protected Note,AAPL,nan,CappedCapitalProtectedNote,StaticReplicationModel,priced,51.64511622363251,-0.04591866071276943,0.0027783295944856334,4.448503928086094,36.63812739475493,109.784047831953,0.0,,,,0.840520191649555,257.46,6M-1Y,atm,257.46,0.03,0.391844626771674,1.0,0.0,,
